name,field_location_longitude,field_location_latitude
Rajeb,35.68126563,32.24129298
Safienh,35.70913271,32.25452804
Ballas,35.70715455,32.26376842
Kufranjah,35.70834959,32.29728118
Nubah,35.69445211,32.26167227
Oqdeh,35.67605146,32.27352707
Ka'b El-Malol,35.65906223,32.24683566
Um Erramel,35.6938552,32.26742103
Berkeh,35.66861695,32.27808001
Thagret Zebaid,35.67610342,32.22770356
Harth,35.67051547,32.2655386
Shkarah,35.74007367,32.24078183
Fakhreh,35.72991528,32.2497899
Kerbet Essooq,35.76164598,32.25263253
Zarra'ah,35.72039402,32.2487413
Sakhneh,35.74407072,32.25187734
Anjarah,35.75728988,32.30601283
Wahadneh,35.6438367,32.3256955
Ajlun,35.75141763,32.33258279
Ain Janna,35.76226723,32.33502259
Dair Smadiyyeh Janoobi,35.66965767,32.33869102
Dair Smadiyyeh Shamali,35.67212046,32.34622173
Shtafaina,35.74538938,32.35665856
Mehnah,35.75417741,32.36498532
Tayyarah,35.75671219,32.36861492
Halawah,35.65718029,32.38402895
Gabal Aghdar,35.72171105,32.2265172
Keshiebeh El-Foqa',35.72106893,32.22373135
Hashemiyyeh,35.66699553,32.36282162
Sowwan,35.7074615,32.34074213
Sofsafan,35.78070705,32.26204415
Um El-Yanabie',35.76354478,32.37468344
Oasarah,35.69710378,32.37995904
Ba'oon,35.72480099,32.38293511
Rasoon,35.76075281,32.3985277
Ebellien,35.82333061,32.35224221
Ebbien,35.8092245,32.35709421
Sena'ar,35.79135653,32.40330545
Asiem,35.81084111,32.40430878
Bier Eddalyeh,35.78676413,32.39982891
Merjam,35.78071342,32.39632723
Orjan,35.77348119,32.41647516
Dair El-Barak,35.8397936,32.43384628
Ras Munif,35.81009934,32.38426116
Samta,35.82622913,32.3859957
Sakhrah,35.84555356,32.37550844
Swaimeh,35.59817674,31.74860117
Ramah,35.64457435,31.82635578
Joafet El-Kafrain,35.6376835,31.86299714
Shoonah Janoobiyah,35.59976897,31.88950873
Karamah,35.58094292,31.9488219
Kafrain,35.64832093,31.84665387
Roudhah,35.66281031,31.83249708
Shoonah Jadideh (Sokneh),35.61035744,31.91097693
Safoot,35.82876729,32.04176185
Ain El-Basha,35.8223842,32.06185114
Baq'ah,35.84417671,32.07392417
Karet Abu Nsair,35.86866375,32.07177035
Heno,35.83352533,32.08747356
Um Edananier,35.81041742,32.05881398
Abu Hamed,35.88196661,32.08722603
Moobes,35.86078445,32.09312139
Saleehi,35.82211529,32.12432866
Romman,35.83264532,32.15801941
Jaidiyyeh,35.84796405,32.11252313
Salhoob,35.86312736,32.12064717
Shewahi El-Gharbi,35.84895619,32.06869838
Um Njasah,35.80814133,32.08548868
Sahlooliyyeh,35.79541652,32.08998449
Um Sendyaneh,35.81739916,32.09246812
Ghour Kebed,35.58241852,32.03946893
Damia,35.56979523,32.09681087
M'addi,35.62160423,32.16174789
Twal Janoobi,35.5968117,32.17125301
Abu Ezzighan,35.63366087,32.18303282
Dair Alla,35.61757214,32.18062114
Dherar,35.61454095,32.2106413
Khazma,35.63009475,32.20947205
Balaooneh,35.60533655,32.23045347
Muthallath El-Masri,35.59239366,32.09792653
Muthallath El-Ardhah,35.61021005,32.14500579
Twal Shamali,35.59325274,32.19527831
Debab,35.63140255,32.19135236
Dhahret Erramel,35.59700168,32.06853567
Maisarat Fannosh,35.60167428,32.12590239
Rwaihah,35.64132855,32.2062617
Mahes,35.77361421,31.98501253
Fuhais,35.79153295,32.00373373
Haqawah,35.71925966,32.12871574
Maisarah,35.68988513,32.12549635
Sbaihi,35.70851507,32.14011192
Bayyoodah Gharbiyyeh,35.72073967,32.15163334
Jarriesh,35.74190134,32.15363866
Elaiqoon,35.76352947,32.16091608
Bayyoodhah Shamaliyyeh,35.73194712,32.14689988
Dhraissat,35.74772442,32.14709541
Qsaib,35.75350119,32.16408564
Bayyoodah Sharqiyyeh,35.73516487,32.13819446
Khashfeh,35.68927034,32.1424164
Azab,35.71607593,32.16946018
Bwaib,35.74299814,32.16962244
Siehan,35.76208426,32.13672276
Da'am,35.75416502,32.08627996
Sala'of,35.75804892,32.09539958
Rmemen,35.79609662,32.10967479
Um El-Amad,35.75148601,32.10587353
Diereh Sharqiyyeh,35.73404993,32.11904622
Allan,35.74353977,32.12103014
Jal'ad,35.7731996,32.11536222
Soomia,35.78337305,32.16021185
Waseah,35.78222125,32.09658735
Zayy,35.71947387,32.09971836
Um Jauzeh,35.73903984,32.09493658
Msherfah,35.79274613,32.13617156
Diereh Gharbiyyeh,35.71416407,32.11814547
Salt,35.72463038,32.03981706
Yazeediyyeh,35.7729739,32.05812514
Modari,35.77659703,32.07382114
Wadi Essahn,35.66019897,32.09305788
Hdaib,35.77688293,32.08783789
Wadi Ennaqah,35.73642859,32.07538071
Za'tari,35.75460838,32.07143911
Um Karubah,35.68205929,32.05379857
Yarqa,35.69926628,31.976973
Ira,35.67568764,31.9914403
Wadi Sho'aib,35.72318569,31.97172453
Kaldi,35.2113176,29.65922123
Teten,35.20939875,29.42836523
Aqaba,35.05122594,29.51517921
Re'a Sa'adeh,35.12740814,29.55005491
Mezfer,35.16410156,29.59830704
Qatar,35.0916018,29.81692345
Rahmah,35.12799429,29.91198175
Gharandal,35.20240263,30.08917589
Reisheh,35.21784569,30.22361752
Beir Mathkoor,35.29039944,30.45062053
Qraiqreh,35.40636199,30.62653354
Fienan,35.44923409,30.61326346
Ghal,35.60294368,29.52633845
Rum,35.42107525,29.5743179
Mnaishier,35.56610535,29.58695291
Taweel,35.55800383,29.62789549
Diesah,35.51305925,29.65221298
Twaiseh,35.54329562,29.64933247
Mojamma' Eshahenat,35.23172451,29.67844749
Shakriyyeh,35.44236609,29.68075892
Sallheiah,35.3771598,29.69457726
Rashdyah,35.28167733,29.73185263
Quairah,35.30215362,29.80245923
Hmaimieh Jadiedeh,35.40277716,29.90156427
Dabbet Hanoot,35.46073548,29.96773961
Asaleah,35.42036637,29.91507272
Hmaimieh,35.34110377,29.95558976
Um El-Bsateen,35.28171636,29.70999099
Ghawr Dra',35.56206087,31.24944231
Ghawr Almazra'a,35.51941184,31.26099891
Blaidet Almazra'a,35.56570777,31.27061281
Ghawr Hadiethah,35.53296901,31.29980063
Blaidet Hadiethah,35.53738663,31.28090084
Ghawr Assal,35.51968381,31.10525177
Mamorah,35.45339234,30.90926942
Ghawr Faifa,35.4504964,30.93630764
Ghawr Safi,35.46899262,31.01773468
Rabbah,35.7382014,31.27157954
Hmood,35.79703485,31.2890999
Demnah,35.70442662,31.293425
Yaroot,35.72596726,31.29583395
Smakiyyeh,35.79577606,31.30626225
Qasr,35.74165687,31.31252545
Sheehan,35.74136851,31.35643886
Rawdah,35.73718174,31.25261975
Rashadeih,35.84417635,31.30789434
Jada',35.74843972,31.382887
Mes'ar,35.75312848,31.40063135
Mghayyer,35.76718836,31.4029006
Abu Trabah,35.78816848,31.40952305
Riha,35.78570495,31.41727995
Alyeh,35.77649984,31.41883141
Mowjeb,35.82461664,31.41872949
Qatraneh,36.0222357,31.21985917
Sad El-Soltani,36.0031751,31.08365584
Wadi Abyadh,36.00910345,30.96774189
Hamediyyeh,35.90373794,30.92198723
Aina,35.76841088,30.96401473
Shqaira El-Sharqiyyeh,35.79748182,30.97825938
Mhiyy,35.89297308,30.99400489
No'aymeh,35.77952889,30.99349557
That Ras,35.76460552,30.99731009
Hashemiyyeh Janoobiyyeh,35.71236255,31.0166078
Baqi'e Srarah,35.67715139,31.015864
Esrarah,35.66929434,31.01916408
Jwair,35.69103265,31.02277419
Majra,35.68192656,31.02895071
Mjaidel,35.65801843,31.02863119
Ejhara,35.65788119,31.03418114
Hartheyyeh,35.68945089,31.04668507
Manshiyyet El-Mazar,35.68246371,31.04759014
Isawaiyyeh,35.65215071,31.06274146
Omqah,35.70160344,31.05528827
Tayybeh,35.60445345,31.05045303
Jozeh,35.66744115,31.05622887
Sool,35.72758167,31.05930532
Dabbakeh,35.655382,31.06127012
Mazar Janoobee,35.7011472,31.06734203
Eraq,35.64374292,31.09151573
Mo'tah,35.71137694,31.09404974
Hadbeh,35.71330767,31.05814786
Khokha,35.70651955,31.00127573
Shariefeh,35.6495057,31.03411598
Shqaira El-Gharbiyyeh,35.77952542,30.98530762
Talbiyyeh,35.65165027,31.02867488
Um El-Ghozlan,35.66982778,31.03021708
Um El-Khanazeer,35.66234101,31.01329316
Um El-Yanabi'e,35.65347523,31.0094113
Dabbeh,35.69957994,31.01222227
Dahriyyeh,35.6454723,31.02989476
Husseiniyyeh,35.72404476,31.02409031
Um Hamat,35.77100142,31.02370435
Khaldiyyeh,35.73617546,31.02987339
Faisaliyyeh,35.74359522,31.02610087
Omariyyeh,35.71927041,31.03730557
Kaderiyyeh,35.78598038,31.06072764
Ayy,35.64028864,31.12997278
Kathrabba,35.62618335,31.13478611
Joza,35.648096,31.15207972
Joza,35.65504616,31.1593982
Joza,35.65504616,31.1593982
Joza,35.648096,31.15207972
Serfa,35.65693839,31.33209257
Majdoleen,35.71208123,31.33547437
Emra',35.67887273,31.3489673
Faqo'e,35.70411829,31.3605958
Shahtoor,35.70395994,31.32795862
Zahra',35.68139007,31.36135802
Merwed,35.71167771,31.10441896
Median,35.71746063,31.12012722
Mshairfeh,35.72206412,31.13996115
Ghwair,35.74231186,31.14182826
Ma'mooniyyeh,35.7336085,31.14173915
Ainoon,35.67849316,31.14156942
Azezieh,35.69773188,31.16264273
Karak,35.70847457,31.17454451
Thaniyyeh,35.7320541,31.16345156
Zahoom,35.76283368,31.16938922
Manshiyyet Abu Hammoor,35.74002017,31.1922605
Salhiyyeh,35.69219652,31.19323031
Samra,35.65526435,31.19666647
Ader,35.75792647,31.2029339
Sakka,35.66350833,31.20365493
Qraifleh,35.74714634,31.21373778
Abdaliyyeh,35.65844435,31.21612107
Bathan,35.67053632,31.21926016
Baqea',35.64425198,31.21665672
Rakeen,35.70553131,31.22633609
Waseiyeh,35.72623169,31.22806858
Moomia,35.64639081,31.23109337
Lajoon,35.87104104,31.23693213
Um Rommaneh,35.6902099,31.24309718
Zaghairiyyeh,35.70005953,31.24731578
Jadiedh,35.81402579,31.25126135
Battier,35.70605104,31.25591678
Adnaniyyeh,35.70492374,31.11679339
Barada,35.67507001,31.21050599
Kamnah,35.66299984,31.1674791
Rashdiyyeh,35.75150578,31.19193645
Shehabiyyeh,35.68369768,31.18507718
Mahmodeyeh,35.69809018,31.12954073
Mraighah,35.77092188,31.15724469
Houyeh,35.69971691,31.14467143
Wadi Ibin Hamad,35.68128879,31.28342063
Swaileh,35.8213388,32.01689002
Jbaiha,35.89870094,32.01310616
Shafa Badran,35.93934223,32.04599598
"Tla'a Alali, Khelda, Um Essommaq",35.84874456,31.98616719
Eskan Abu Nsair,35.88221577,32.06419361
Dab`ah,36.0105746,31.6191878
Za'faran,35.8711677,31.60713658
Edlayla (Dalielet Mtairat),35.83103112,31.63975809
Netel,35.86359695,31.65001027
Soofa,35.82715538,31.66469511
Um Qsair,35.89357534,31.66621503
Manarah,35.89753347,31.69219336
Zwezia,35.91562405,31.69517566
Jizeh,35.98631542,31.69497288
Jlool,35.85821642,31.72584657
Salahia (Zabayer Twal),35.90658976,31.72169107
Manja,35.8576955,31.74355987
Qastal,35.92723453,31.73682633
Um Rommaneh,35.87935495,31.74839317
Um Elamad,35.90682621,31.77862739
Tnaib,35.93371814,31.80452056
Arainbeh Gharbiyyeh,35.94858041,31.62784916
Arainbeh Sharqiyyeh,35.96629163,31.64539015
Baseleih,35.95263188,31.61158544
Howwarah,35.84857455,31.68660715
Kaldeh,36.02446606,31.57708364
Naseriyyeh,35.94097844,31.65692419
Qanater,35.92869807,31.65403797
Qnaitreh,36.06609185,31.66930618
Saifeih (Zabayer Knayan),36.02169574,31.64943905
Thamad,35.90612448,31.60435989
Um Elwalied,35.89274229,31.64922432
Zainab,35.91816841,31.61683527
Zmaileh,36.05858846,31.54224583
Hammam El-Shmoot,36.10276856,31.6063289
Hammam El-Tallaq,36.04340782,31.62514794
Mshatta,35.98703008,31.7540151
Sh'hba (Zabayer Wtairi),35.97402655,31.62561311
Khadra,35.87445206,31.78247876
Zaitooneh,35.90227054,31.74956643
Khrayyem,36.1260114,31.51649491
Mukhayyam Talbiyyeh,35.94560773,31.71342821
Kan El-Zabib,36.0373883,31.57116998
Tharah,35.89192436,31.60089119
Libban,35.96112424,31.82279127
Matabah (Mastabah),36.09999204,31.7417338
Falej (Rabyyeh),36.11527157,31.68721956
Ktafeh,36.06347554,31.74101498
Laseen,36.04383238,31.75397964
Majedeah (Zabarah),36.0771763,31.72457977
Khannan (Ndwah),35.874052,31.58645914
Swaqah,36.08050999,31.37748925
Ramah,35.90928979,31.44410058
Jmayal,35.89798176,31.47471862
Msaitbah,35.97929887,31.47427403
Mshairfah,35.87693028,31.47852643
Ramil,35.86737173,31.56121112
Buhairat (Mansheat El-suareah),35.879021,31.51140285
Abu Hlaileefeh,35.91074024,31.54517474
Rojom Eqab,35.94873381,31.50597122
Rojom Fhaid,35.94839337,31.54039501
Salyeh,35.93807024,31.45145014
Thrayya,35.97702076,31.43460278
Um Rsas,35.9167307,31.50603543
Yahoon,35.84695564,31.46471742
Toar Hashash,35.85451878,31.54619204
Elayyan,35.88373158,31.53197551
Damki,36.07373398,31.34279624
"Khraibet Essooq, Jawa, Yadoodeh",35.91278207,31.8605199
"Um Qsair, Moqabaleen",35.90773659,31.90059773
"Alquaismeh, Aljwaydeh, Abu Alanda,Alrajeeb",35.95707442,31.91975929
Binayat,35.87747245,31.88778335
Um El-Kindam,35.88342783,31.86817559
Marka,36.00676822,31.98577688
Tareq,35.98156463,32.00816959
Alnaser,35.9784159,31.94678046
Basman,35.97020922,31.97722088
Rmedan,36.04223639,31.90216377
Baidha,36.05946088,31.91550416
Mowaqqar,36.10725406,31.80932265
Faisaliyyeh,36.05001968,31.84919059
Ghazaleh,36.0715021,31.80366137
Hunaifiyyeh,36.16848233,31.7812693
Manshiyyeh,36.11778878,31.82099723
Naqera,36.08658236,31.83378064
Raudet Hussen Namuthajeh,36.18029521,31.82549248
Um Botmah,36.06824969,31.82181221
Zmailat,36.04710198,31.83388954
Jnab,36.19643719,31.80109665
Hatmeia,36.09468044,31.79837284
Maghayer Mhanna,36.12819687,31.8378107
Dhaibeh Sharqiyyeh,36.04718844,31.80606829
Hashimeyyah,36.00938462,31.78798661
Dhaibeh Gharbiyyeh,36.02277066,31.80635581
Rojom Shami Gharbi,36.0011333,31.83721923
Salem,35.97783177,31.85067759
Rojom Shami Sharqi,36.01446554,31.82985016
Mshkar,35.79713845,31.78677576
Rawdhah,35.82674508,31.83187206
Hesban,35.80859258,31.80011013
Karmet Hesban,35.81232942,31.80820533
Manshiyyet Hesban,35.82268091,31.81637198
Sail Hesban,35.78969731,31.82872362
Bal'as,35.84925108,31.86712902
Na'oor,35.82690044,31.87821828
Abu Naqlah,35.84160288,31.85576563
Adasiyyeh,35.76177742,31.86647737
Ajajreh,35.82925917,31.85188711
Basset Na'oor,35.7978954,31.85669558
Ewailiyyeh,35.82884461,31.86253951
"Manshiyyeh,Um El-Qottain",35.81562992,31.85520255
Mansoorah,35.83107456,31.84349222
Torky,35.74855003,31.85108762
Zbood,35.78115607,31.85895722
Amireah,35.80158304,31.86614809
Adbayan,35.85427928,31.84244082
Gbeih,35.89314269,31.80748521
El-A'al,35.83649666,31.81568325
Masooh,35.8390062,31.78123723
Samek,35.85979599,31.79424748
Um El-Berak,35.86618325,31.81313227
Um El-Asaker,35.86707468,31.84105407
Um El-Basatien,35.86980693,31.82514919
Almadina,35.93577724,31.95323183
Alabdaly,35.9155126,31.96235036
Alyarmok,35.94499786,31.94494158
Bader,35.91378169,31.93791907
Zahran,35.87502296,31.93850914
Ras Alain,35.92982113,31.91933126
Khashafiyyet Janubyyeh,36.03496509,31.87269631
Zamlet Olia,36.103774,31.86378534
Sahab,36.01564321,31.84895898
Manakher,36.08871633,31.89041563
Ka'afour,36.16144906,31.87436247
Khashafiyyet Shamalyyeh,36.04616869,31.888618
Madhouna,36.15896616,31.91618486
Abdaliyyeh,36.01948955,31.89816889
Um El-Sumaq,35.86586479,31.8838244
Bahath,35.76917055,31.88896542
Wadi Eshta,35.79632375,31.9084649
Eraq Elamir,35.75366393,31.91663736
"Almaniyyeh, Qhasabat",35.76556669,31.9092656
Bassa,35.77173868,31.92856837
Wadi Essier,35.8445885,31.92871372
Badr Jadeda,35.79806056,31.97233761
Abu Essoos,35.78593642,31.92089931
Fahs,35.72765709,31.91497654
Rajaha,35.78164583,31.91050128
Tabaqa,35.82332358,31.92229878
Um Njasa,35.74470854,31.92406016
Dair,35.79515304,31.93462958
Hamdeih,35.72659891,31.90990417
Marj Elhamam,35.83673399,31.90424435
Dabbeh,35.7855791,31.90936314
N'air,35.80613126,31.95363233
Thoghrah,35.72640416,31.93304851
Jorof,35.86104379,30.69318975
Hasa,36.03712831,30.83220275
Aliah,35.80947983,30.90966244
Harier,35.78331608,30.75745037
Gwiebeh,35.33590266,30.74849911
Salmani,35.40201466,30.83954871
Mitan,35.59170301,30.76861101
Sele',35.58328972,30.77141467
Ain El-Baidha,35.60836173,30.77607297
Ezhaigah,35.64980655,30.78825885
Zabda,35.72112043,30.81045228
Aboor,35.70070119,30.76031229
Abel,35.59735394,30.80434822
Namteh,35.55575692,30.80680564
Erwayyem,35.57950988,30.8211623
Ais,35.64425751,30.84319303
Tafileh,35.61795167,30.81333731
Sanfahah,35.56771259,30.84547009
Arafah,35.57690541,30.83205002
Swaimie',35.6667747,30.84279703
Nokhah,35.63922428,30.86674921
Shaidham,35.67999665,30.86637779
Abu Banna,35.6792078,30.88302157
Aimeh,35.59501181,30.8791137
Dhba'ah,35.59217771,30.91788838
Afra,35.65258905,30.90808141
Li'ban,35.70853915,30.90808551
Erhab,35.61591746,30.93750158
Barbietah,35.65096547,30.98492095
Majadel,35.65121205,30.86404017
Tal'et Hussain,35.66291408,30.8201036
Sirah,35.6858157,30.81476895
Jeser El-Shohada',35.71128338,30.96677932
Qhadesiyeh,35.64179125,30.64480358
Dhana,35.61058309,30.67423138
Lahdhah,35.61321792,30.69650103
Gharandal,35.6419126,30.71649217
Um Essarab,35.63329042,30.74982372
Dhahel,35.57608359,30.72006904
Rashadiyyeh,35.63081745,30.67570287
Bsaira,35.61461753,30.72770563
Qarqoor,35.60061892,30.72164873
Krayymeh,35.58813941,32.27065839
Siaikhat,35.59656312,32.32802126
Karkamah,35.59313246,32.35575718
Marzeh,35.58505313,32.41507519
Tabaqat Fahl,35.6089436,32.44909858
Zmaliyyeh,35.60023403,32.50433944
Shaikh Hussein,35.58898648,32.51455582
Waqqas,35.60146435,32.54974566
Manshiyyeh,35.599363,32.58102672
Sakhneh,35.61365595,32.5909188
Shooneh Shamaliyah,35.61273633,32.62120771
Baqoorah,35.59111816,32.64241894
Adasiyyeh,35.61625631,32.66379845
Abu Saydo,35.57410426,32.30946142
Majed,35.59857317,32.56427103
Qarn,35.59308577,32.33926952
Sbiereh,35.58763486,32.35372003
Wadi El-Raian,35.57791237,32.37591122
Wadi El-Arab,35.62640293,32.6176415
Mashari'e,35.58684538,32.44746601
Abu Habeel,35.58164777,32.35957953
Abu Ziad,35.60628394,32.51005697
Feddein,35.61100897,32.56418102
Jdaitta,35.71058168,32.40528861
Kofor Abil,35.6689881,32.41798747
Kofor Awan,35.68605695,32.42503268
Kherbet El-Hawi,35.72196544,32.43143339
Bait Iedes,35.6924052,32.43787137
Kofor Rakeb,35.68819429,32.45555462
Roqqah,35.65245749,32.46374538
Ashrafiyyeh,35.71116134,32.46194811
Tebneh,35.72940622,32.47658123
Abu El-Qain,35.66643975,32.47603119
Kofor El-Ma',35.69275587,32.48473525
Jeffien,35.65613171,32.48868213
Sowwan,35.71156134,32.48959887
Dair Abi Sa'id,35.68057754,32.5034156
Iskayeen,35.63335932,32.51669434
Sammo',35.73002442,32.51711813
Jenien Essafa,35.70748844,32.5186037
Rkhayyem,35.68465474,32.52830624
Zmal,35.73404101,32.5061618
Rahwah,35.69740119,32.40023264
Kofor Kiefia,35.75906723,32.50887733
Rhaba,35.78583268,32.43116252
Ibrahimia (Sarras),35.8153487,32.44366374
Samad,35.82943617,32.45487315
Mazar Shamali,35.80638093,32.46925396
Habka,35.84425924,32.47627472
Enbeh,35.76694561,32.47874883
Dair Yoosef,35.79882214,32.49227807
Johfiyyeh,35.82385089,32.49604185
Z'atara,35.83316822,32.44164011
Hoafa El-Mazar,35.83825093,32.48968511
Rahmeh,35.84835512,32.45303501
Zoobya,35.76924832,32.43496561
Kofor An,35.75796816,32.5507568
Qmaim,35.73386232,32.57120923
Kharaj,35.7085701,32.58590413
Qom,35.72467884,32.5912472
Kofor Asad,35.71348105,32.59737082
Saidoor,35.69284333,32.61414657
Hoafa El-Wastiyyeh,35.71116411,32.5712674
Dair Ess'eneh,35.7533752,32.53074435
Taybeh,35.70980021,32.54343921
Abser Abu Ali,35.72925978,32.55278481
Mendah,35.66914205,32.55310961
Samma,35.68246079,32.57408924
Zabdah El-Wastiyyeh,35.66625846,32.57157494
Makhraba,35.64944818,32.57941119
Qasfah,35.86713392,32.63199422
Sama El-Roosan,35.82622103,32.6410288
Abu El-Loqas,35.88626801,32.63436841
Saileh,35.86881114,32.64321541
Azriet,35.84994686,32.64878459
Mansoorah,35.71891791,32.65034104
Um Qais,35.6754956,32.65440031
Khrayybeh,35.86714418,32.65967999
Kharja,35.88511324,32.65419281
Ebder,35.7836777,32.66217105
Bareshta,35.87946261,32.68363741
Malka,35.76120746,32.65412597
Mkhaibeh El-Tehta,35.67716192,32.67398796
Samar,35.78496008,32.67863319
Kofor Soom,35.81086683,32.67155521
Yebla,35.82696384,32.68618438
Saham,35.77423643,32.69734912
Rfaid,35.82092338,32.70507148
Aqraba,35.80548272,32.72787817
Esheh,35.73743494,32.71023629
Hariema,35.87145178,32.6205042
Hartha,35.84965056,32.69154462
Hatem,35.77971573,32.64998338
Hebras,35.84419634,32.66849824
Mzaireeb,35.81937853,32.65767675
Zaweh,35.9002891,32.66172566
Yarmook,35.87395534,32.70372276
Hemah Aurdinyah,35.68426443,32.70203812
No'ayymeh,35.96335287,32.41816464
Shatna,35.86868781,32.42846871
Ketem,35.8906957,32.43614502
Hoson,35.87737449,32.47861566
Sarieh,35.89595818,32.5076636
Aidoon,35.86452656,32.51345031
Mukhayyam Shahed Azmi El-Mufti,35.90793709,32.47550329
Aliah,35.83732846,32.51382261
Bait Yafa,35.78039799,32.52448047
Natfeh,35.82799784,32.51259536
Kofor Yooba,35.80468991,32.54486151
Jamhah,35.77956287,32.54681012
Irbid,35.84760928,32.55822915
Zahar,35.78708473,32.56616111
Sal,35.90930883,32.57678838
Kofor Rahta,35.75740376,32.57883704
Jijjien,35.77042935,32.58331004
Soom,35.79921781,32.57967879
Bait Ras,35.85103321,32.59906282
Doaqarah,35.7424733,32.59905689
Teqbel,35.81135568,32.60241928
Maro,35.89525104,32.61146978
Mghayyer,35.93395624,32.60409164
Fo'arah,35.77122643,32.61264388
As'ara,35.75130481,32.62788794
Al'al,35.89896244,32.63001082
Boshra,35.89455522,32.55547406
Hakama,35.88910845,32.59010945
Ham,35.81094803,32.51247247
Hoor,35.77110256,32.60171824
Howwarah,35.91106556,32.53503197
Kofor Jayez,35.83537777,32.62285565
Um El-Jadayel,35.7941188,32.60114054
Bwaidhah,36.05660014,32.47144945
Ramtha,35.99403441,32.52888357
Torrah,35.9895894,32.63757178
Shajarah,35.9466182,32.64494599
Emrawah,35.93122288,32.68382367
Dnaibeh,35.91271728,32.69141071
Mersi'e,35.86850829,32.14208459
Tal'et Errozz,35.8724107,32.17108717
Mastabah,35.8640283,32.18317141
Jebbah,35.88096502,32.18513878
Raieh,35.8806508,32.16285501
Rahmaniyyeh,35.86104611,32.15175074
Shak Mfarrej,35.89466036,32.20696398
Mashtal Faisal,35.88144904,32.20969421
Fawara,35.7683201,32.21085708
Alaymoon,35.81857116,32.21170122
Majdal,35.84440647,32.22771547
Jazzazeh,35.82043216,32.23206489
Borma,35.78791277,32.2156508
Hamta,35.83298819,32.21745142
Hooneh,35.74899197,32.21264494
Mansorah (Khshaibeh),35.71873864,32.21108175
Hasainiyyat,35.78972822,32.25417026
Najdeh,35.79289778,32.23883543
Kfair,35.93017805,32.21495395
Abarah,35.91357449,32.23209384
Hazeah,35.95313399,32.23031489
Rashaydeh,35.89119544,32.24235372
Ryashi,35.92311228,32.2542884
Nabi Hood,35.90462095,32.26075733
Hadadeh,35.85208252,32.26229209
Um Qontarah,35.94421606,32.26636703
Mukhayyam Ghazzeh,35.85745443,32.26352865
Nahleh,35.82863044,32.27182555
Ketteh,35.84368143,32.27548456
Sakeb,35.8073736,32.28040798
Raimoon,35.82982227,32.28184764
Dair Elliyyat,35.87350483,32.29472729
Qraia',35.93733334,32.3166531
Soof,35.8390344,32.31411685
Meqebleh,35.87008779,32.31614885
Asfoor,35.89781448,32.33634984
Jabba,35.92941654,32.32960637
Qafqafa,35.9338482,32.35270795
Kofor Khall,35.8831712,32.35821405
Mshairfeh Gharbiyyeh,35.97366132,32.36977799
Baliela,35.93714532,32.38710914
Amamah,35.87614594,32.23774048
Ejbarat,35.88556514,32.25993716
Jnaideyyeh (Mshairfeh Sharqiyyeh),35.9869666,32.35406041
Majar,35.91067646,32.30709402
Um Ezzaitoon,35.95921227,32.34423713
Um Rameh,35.96769264,32.2135915
Zaqreet,35.86848005,32.27650255
Enabeh,35.9472378,32.21755073
Jarash,35.89974764,32.27818265
Mansheiat Hashem,35.86518891,32.26431921
Mukhayyam Soof,35.88566745,32.30969445
Fayha' (Mshairfeh El-Westa),35.99376045,32.37533911
Jamla,35.84152394,32.25649687
Dibbeen,35.82797929,32.26054422
Athroh,35.59629954,30.33186662
Etmaiyah,35.59395214,30.33861778
Jarba Sghiereh,35.60096793,30.36209922
Jarba Kbiereh,35.59641643,30.37343463
Manshiyyeh,35.60741585,30.39601054
Ashari,35.59838939,30.34676282
Auhadah,35.57482123,30.13798966
Sadafeh,35.49380563,30.16060295
Fardakh,35.51389757,30.18816579
Iel,35.53180497,30.2065537
Basta,35.53510907,30.22324791
Beir Abu Dnneh,35.53341636,30.25623563
Raudet El-Amir Rashed(Qa'),35.54512692,30.27675804
Beir El-Bietar,35.52953146,30.32053027
Jafr,36.17539544,30.30874271
Modawwarah,36.03336462,29.29956754
Shadeiah,36.16535445,29.93047301
Naqab El-Gharbi,35.5118214,29.99558268
Naqab,35.48951999,30.0047221
Haiad,35.48086407,30.04472342
Abu El-Lissan,35.49867741,30.0361438
Tasan,35.47262261,30.05549502
Qasemeah,35.48764126,30.06369418
Swaimreh,35.49141965,30.08453775
Mraighah,35.52154207,30.09535912
Qurain,35.47644305,30.10053542
Faisaleah,35.50448547,30.07355894
Thugra,35.36632196,30.03778919
Batn El-Ghool,35.90854044,29.71560509
Sateh Ma'an,35.77606951,30.18711576
Ma'an,35.73055994,30.18840281
Tahooneh,35.64699243,30.24108481
Mahatet Jerdaneh,35.74393705,30.24002491
Dabit El-Karam,35.64890215,30.18165872
Mohammadiyyeh,35.75788757,30.43088878
Enaizeh,35.79627158,30.49645085
Hashemiyyeh,35.79268458,30.52317813
Huseiniya,35.79509055,30.59565954
Tal Borma,35.82930453,30.61242176
Rassees,35.41626801,30.1475291
Rajef,35.44222444,30.18967804
Taybah,35.46912938,30.24461749
Ain Ammoon,35.45868863,30.2898424
Wadi Moosa,35.47501305,30.32065089
Um Sehoon,35.4567186,30.34308332
Hayy,35.50727567,30.352312
Baida,35.46631384,30.38072907
Madarej,35.4701794,30.22789673
Tharwah,35.44997122,30.19831635
Kerbet Um Ettelian,35.41003835,30.14176027
Dlaghah,35.40926992,30.13524868
,35.45266588,30.32013139
Fjaij,35.61300878,30.53402191
Hadera,35.63756349,30.59280345
Bier Abu El-Alaq,35.52938165,30.39322246
Beir El-Dabbaghat,35.51539852,30.42664398
Beir Khadad,35.53831043,30.44404941
Hawaleh,35.5163877,30.46405057
Zaitoneh,35.57934024,30.48106791
Faisaleh (Mdhaibie'),35.60834989,30.47992738
Jnineh,35.4993344,30.47682161
Shammakh,35.52555594,30.48548877
Zobeiriyyeh,35.56009089,30.50502756
Haddadah,35.52141737,30.50954325
Mothallath,35.57325214,30.52097277
Jhair,35.5154213,30.52095749
Shobak,35.53739642,30.51701346
Jayyeh,35.56155371,30.52680868
Abu Makhtoob,35.58083479,30.53578096
Maqari'yyeh,35.56644738,30.55612835
Mansoorah,35.5560601,30.57262535
Faisaliah,35.76313671,31.74968369
Mkhait,35.73663458,31.75223609
Syaghah,35.72927843,31.76473457
Libbeh,35.76697478,31.75404971
Oyoon Moosa,35.73132011,31.77684722
Jrainah,35.79813596,31.75931008
Ghernatah,35.77218768,31.77090828
Abu Rdaineh,35.74774335,31.78041761
Wasiyyeh,35.78438048,31.75251506
Ariesh,35.78126472,31.78041605
Heialaleyeh (Falha),35.76997378,31.64102417
Wah (Mrejmet El-Hamed),35.78699671,31.67267754
Madaba,35.79730449,31.7147274
Hwayyet El-Balouneh,35.74979051,31.63666315
Jubail,35.83304942,31.74172136
Khaldeyyeh (Abu Ezqal),35.76858536,31.71512782
Ma'moneia,35.81682912,31.74047162
Khatabiyyeh,35.78647227,31.74179038
Fayha'a,35.73534309,31.7156981
Ain Eddieb,35.65535563,31.71417525
Hammamat Ma'ien,35.61119884,31.61298108
Maeen,35.75164281,31.66438893
Manshiyyet Maeen,35.71328967,31.68523364
Zarqa' Maeen,35.60771235,31.60850106
Jadedah,35.64827978,31.53246895
Qrayyat,35.67688309,31.53606413
Dair,35.63775653,31.54641757
Areedh,35.66158017,31.5525479
Zayna,35.63188644,31.55816204
Makawer,35.63811421,31.5665054
Muhamadeh,35.67336519,31.56890152
Atrooz,35.66954142,31.58615733
Nasieb,35.62275672,31.58966707
Azzahra',35.66831022,31.56206265
Balotah,35.65848289,31.5409583
Hashemiyyeh (Um Hsas),35.70496001,31.60105154
Jarwan (Amerah),35.66383157,31.5301159
Namyeh,35.67773946,31.55273875
Bake'a (Kuba'i),35.69071598,31.5954183
Hiedan,35.71200557,31.54129423
Mlaih,35.83872092,31.60081569
Dalielet El-Hamaydeh,35.79227554,31.6199625
Waleh,35.78202976,31.55785856
Gadeer,35.77982181,31.59266133
Hayyadh,35.74905569,31.61333106
Kaldiyyeh,35.74562388,31.57420794
Lusen & Rabt,35.72764698,31.60340032
Munsaf (Mekher'ah),35.76841165,31.57653779
Nozhet El-Waleh,35.75876805,31.5605883
Rashdeia,35.78904467,31.59180297
Alaqi,35.81842288,31.59807208
Leb,35.76684395,31.60808242
Safa,35.79465049,31.63948961
Ara'er,35.8236598,31.48484215
Mathlootheh,35.74835851,31.48350758
Heno & Sakraneh,35.76753379,31.47935899
Dieban,35.78379512,31.49659995
Shqaiq,35.73736284,31.50289246
Um Shjaireh Gharbiyyeh,35.84682164,31.52028916
Falha,35.8231571,31.51597777
Barzah,35.74691616,31.52448613
Qbaibeh,35.81382276,31.54159725
Mesherfeh,35.77847501,31.54525101
Alyeh,35.78252496,31.528763
Annahda (Um Zabarah),35.83138154,31.53660108
Dhaibeh Gharbiyyeh,35.75766314,31.50708132
Dhaibeh Sharqiyyeh,35.77000307,31.51147488
Manshiyyeh,35.77689744,31.53723452
Meq'ad Ben Nasrallah,35.80038413,31.52028092
Qasmeia,35.77759716,31.51430504
Rehaneih (Um Shajarah),35.76596939,31.52289416
Wadi El-Mujeb,35.80003212,31.46033687
Um Shjaireh Sharqiyyeh,35.87107225,31.53911319
Wassad,37.8903251,31.80919909
Rwaished,38.20362171,32.50247825
Fhaidhah,38.21779762,32.57735086
Bostaneh,38.75763859,32.8841982
Burqa',37.85902765,32.81414805
Jeser Rwaished,38.2868098,32.53636235
Karamah,38.98383099,32.73063934
Reesheh Gharbiyyeh,38.15813123,32.82594742
Reesheh Sharqiyyeh,38.37113884,33.00486703
Rokban,38.60344999,33.0778983
Manshiyyet El-Gheiath,38.12921444,32.48924115
Aliet El-Shwa'ar,36.90550402,32.14155839
Kaidat Al-Amir HassanAl-Jauiah,37.15235507,32.1649542
Ashrafiyyeh,36.6282984,32.21284164
Hashimiyyeh Sharqiyyeh,36.96803575,32.15417131
Bostaneh,36.52776028,32.24264584
Beshriyyeh,36.81370419,32.15766615
Manarah,36.6865934,32.19726364
Manshiyyet Kalefeh,37.09234837,32.21351197
Safawi,37.12613322,32.19569913
Nayfeh,36.61834846,32.22222085
Raudit Al-Amir Hamzeh (Hliut Masarha),36.71130557,32.19000621
Zamlet Al-Amir Ghazi,36.50712288,32.25496097
Sa'adah,36.65183796,32.20886589
Salhiya,36.48387789,32.25716175
Rahbet Rakkad,36.5854078,32.22416623
Hamiediyyeh,36.5553352,32.23581881
Dair Al-Kahf,36.83947027,32.27556863
Jubbeiah,36.78790479,32.29416596
Methnat Rajel,36.96899514,32.36863443
Arainbet Enaimat,36.72264114,32.21870712
Dair El-Qenn,36.92207351,32.34545464
Ethlag,36.73881881,32.28454455
Jad'ah,36.94902453,32.35440442
Khsha' El-Qenn,36.92062775,32.32146606
Medwer El-Qenn,36.90702617,32.32921333
Menyasah,36.71815386,32.28220778
Mrajeeb,36.8880319,32.28250807
Qasem,36.72762091,32.26285224
Rfa'iyyat,36.75447659,32.26355543
Roadhet Al-Amir Ali Bin Al-Hussein (Abu Frth),36.70655813,32.26407343
Swailmeh,36.95831989,32.34109102
Tal Ermah,36.8848665,32.31064331
Um Hussein,36.74820955,32.22769707
Dafyaneh,36.56158026,32.31187103
Sabha,36.49070321,32.33359225
Manshiyyet Qoblan,36.54440409,32.33136721
Sab'e Aseyar,36.46313051,32.33882042
Koam Erraf,36.45870547,32.36729334
Feisaliyyeh,36.49147516,32.28903257
Harara,36.48629628,32.30662406
Amra & Amiereh,36.43853876,32.30520396
Koam El-Ahmar,36.39596764,32.36456862
Aqeb,36.4102355,32.27257075
Rahmat,36.37665755,32.39323876
Rasm El-Hesan,36.42631199,32.36998714
Roadhet Basma,36.38354652,32.29304094
Sa'iediyyeh,36.44361098,32.27227103
Um Al-Jemal,36.36833127,32.33239259
Manshiyyet Essoltah,36.31181753,32.32115326
Mkaifteh,36.65464245,32.29088737
Husseiniyyeh,36.59408514,32.33250437
Khsha' Slaiteen,36.59183583,32.32356258
Ghadeer El-Naqah,36.66708681,32.30490017
Manshiyyet El-Qhano,36.67635607,32.28319449
Ma'zooleh,36.68050187,32.30277225
Um-Elqotain,36.62610551,32.31029172
Oudeh,36.64736639,32.30444464
Thoghret El-Jobb,36.22735387,32.27234572
Ba'ej,36.3377935,32.36899669
Fohayhileh,36.30023088,32.37025725
Sorrah,36.15324673,32.39714251
Nahdhah,36.32330617,32.3978551
Rodhet Errwai'u,36.32448388,32.41311802
Mansoorah,36.16748137,32.41733509
Hwaijeh,36.26589105,32.39624994
Um Essrab,36.31182438,32.42737269
Meshref,36.34841544,32.38947251
Zuhoor,36.37840239,32.27593025
Meferdat,36.29036803,32.23823394
Khaldiyah Qademeh,36.3301754,32.18547614
Za'tary,36.29829685,32.30723676
Khaldiyah,36.30324302,32.18269059
Mshrfeh,36.29071482,32.14218284
Nasaryyah,36.28299388,32.159008
Khanasri,36.04786844,32.39634844
Fa',36.08051858,32.42254018
Hamra,36.15400146,32.44096545
Darzeah,36.14415153,32.45812857
Swailmeh,36.15036621,32.48207274
Mshairfeh,36.12549683,32.48712288
Akaider,36.08701994,32.4984614
Dandania,36.1533846,32.46486658
Harsh,36.05227343,32.43656887
Hosha,36.10019158,32.45114306
Braiqa,36.02700305,32.44437012
Rba' Serhan,36.23978966,32.42403307
Somayya Serhan,36.22351305,32.43755523
Zamlett Atterfi,36.21470585,32.46565991
Mghayyer Serhan,36.19631562,32.46085021
Sama Serhan,36.24297311,32.47266301
Harfosheia,36.18815628,32.47902459
Manshiyyet K'aiber,36.21234073,32.47836692
Jaber Serhan,36.19796792,32.51134851
Matalleh,36.18923234,32.43410283
Rodhet Abu Heyal,36.24219024,32.33432806
Aidoon,36.17673742,32.30962674
Mazzeh,36.18315963,32.32138211
Mafraq,36.20137473,32.34951017
Rojom Essabi'e El-Shamali,36.14849018,32.36391361
Bwaidhet El-Hwamdeh,36.15820316,32.3435958
Ghadier Abyadh,36.19730501,32.39241456
Hayyan El-Meshref,36.15583049,32.27226334
Um Enna'am Sharqiyyeh,36.13993895,32.34481082
Teeb Isem,36.1659343,32.36238323
Um Enna'am Gharbiyyeh,36.1133238,32.35906361
Manshiyyet Bani Hasan,36.08230588,32.37153858
Um Elloolo,36.09470035,32.38899118
Dair Waraq,36.04874898,32.36913073
Zaniyyeh,36.10131222,32.20070842
Nemreh,36.14676555,32.20809771
Manshiyyet Alaian (Alkhan),36.20345655,32.21595239
Bal'ama,36.08922588,32.23788292
Bostan,36.0780809,32.21315856
Dahreiah,36.11007069,32.1787949
Hamaneh El-Jadiedeh,36.08156771,32.22251519
Hayyan Rwaibedh Gharbi,36.12081927,32.24397975
Hayyan Rwaibedh Sharqi,36.13136066,32.24404795
Khraisan,36.00928954,32.20624102
Marajem,36.03845995,32.23932537
Mazra'ah,36.12658567,32.16835474
Nozhah,36.09271281,32.25061541
Um Swaiweeneh,36.07144077,32.23054694
Shraifiyyeh,36.03148278,32.220319
Hamaneh El-Qadiemeh,36.06120781,32.20544871
Um Hysmasa,36.03004218,32.24897447
Zafaraneh,36.12417762,32.2867768
Hasab,36.04972902,32.18509639
Ain El-Nemreh,36.02844098,32.15764056
Ain Bani Hasan,36.05639432,32.26982789
Dahal,35.97513016,32.27533442
Abu El-Soos,36.03253076,32.2872911
Medwar,35.99599455,32.28732175
Khatlah,35.94352416,32.29413298
Hwaishan,35.94604971,32.29880575
Nadreh,35.97915596,32.31016467
Doqomseh,35.99206867,32.31380954
Hamamet Omoosh,36.03212388,32.31953895
Irhab,36.09300331,32.32323257
Sahah,36.05033831,32.33016784
Kharab El-Matwi,35.98929095,32.34265964
Dajaniyyeh,36.02538623,32.34397572
BwaidhahGhrbiyyeh,36.0494765,32.34523233
Ain Ennabi,35.93081125,32.29222468
Bwaidhet Elaimat(Bwaidhah Sharqiyyeh),36.06641766,32.34319157
Hamamet Elaimat,36.03306475,32.30735373
Hamied,36.00510602,32.2573192
Karm,35.99684468,32.24854609
Qadam,36.0662189,32.31661155
Um Btaimeh,35.96426812,32.30732754
Um Kheroba,36.01919789,32.30888109
Mo'ammariyyeh,36.08982697,32.27178134
Mnifa,36.05484958,32.30375671
Russeifa,36.04190694,32.02495743
Abu Saiah,36.05829314,32.01454774
Mukhayyam Hetten,36.01564634,32.00870947
Mabrookah,36.24670247,32.13748804
Qaser Hallabat El-Sharqi,36.36260628,32.08072038
Qasr El-Hallabat Gharbi,36.32848419,32.10257827
Dhaythem,36.34522254,32.11123867
Dhlail,36.27267624,32.1183712
Sayeh Diab,36.25578877,32.07660542
Mazari'e Hallabat,36.39245825,32.10088427
Zarqa,36.08181837,32.07603135
Tafeh,36.21894686,32.07224738
Farwaneyeh,36.17377962,32.11233366
Khou,36.15660648,32.07814842
Rukban,36.11767933,32.01863671
Merheb,36.01685791,32.0866523
Bierain,35.95951301,32.09933958
Um Rommaneh,35.9286612,32.09402349
Kamsha,35.93206084,32.12158783
Alook,35.92175124,32.16728913
Khalleh,35.98425454,32.11934115
Reyad,35.9968031,32.09103876
Saharah,35.95258403,32.17082744
Ewailiyyeh,35.97985775,32.10242234
Masarrah Sharqiyyeh,35.93153485,32.15634138
MasarrahGharbiyyeh,35.92443817,32.16087704
Mekman,35.92348226,32.14218373
Naseryah,35.89024221,32.12272493
Um El-Byar,35.95553649,32.11151176
Um El-Fat'ier,36.00167205,32.0747285
Um Khashibeh,35.97910236,32.14573252
Rojom Eshoak,35.95582555,32.07627195
Sarroot,35.95690808,32.14649408
Ain El-Hawaya,35.95497249,32.15943065
Ain Saber,35.94617611,32.09260414
Maqam Isa,35.90792958,32.09519187
Wadi Esswan,35.93767715,32.1369322
Makethat,35.97558093,32.17877125
Azraq Shamali,36.83327445,31.88344435
Azraq Janoobi,36.8108996,31.84109248
Ain El-Baidha,36.98226882,31.82974817
Qaser Amrah,36.56740603,31.81588575
Omari,36.97911215,31.58360544
Kaedet Selah Jaw (Moafaq Salti),36.77347652,31.83405462
Biereh,36.00902351,32.15498479
Sokhneh,36.07678131,32.13171623
Rahayal,36.04349463,32.12723285
Hashemiyah,36.11841684,32.13930064
Doqarah,36.03411563,32.13731376
Kherbeh Samra(Raudit Al Amir Mohamad),36.16516537,32.17977778
Qnayyeh,35.988486,32.22165856
Abu Ezzieghan,36.04862735,32.11686776
Um Essalleeh,36.09516211,32.15396972
Tawahien Adwan,35.98382617,32.19733104
Dab'an,36.19387761,32.13365648
Ghraiseh,36.07556128,32.16995299